turn,text
1,de beklaaglijk dwang een bedryf .
2,"o gy snel vluchten , vertoef een ogenblik ; of menen gy schichtig , benaude Hert , dat ik u volgen gelijk de winnen ? ô neen , het zijn mijn gedacht , die volgen u op 't spoor ; ay willen een weynig wachten , Schou mijn vermoeytheyt aan , gelukkig , die noch te laat , moê en mat , een rustplaats vint ; maar , och ! ik arm rampzalig , door groote min drijven , Kan my aan beek , of bron , of bemen tot rust begeven ; Gy maken , door uw vlucht , een endt van u verdriet , maar ach ! hoe zeer ik vliê , ik ontvliê mijn quelling niet . oaangenaam dou , vermakelijk boomen , doorwrocht met cierlijk lof , en gy , ô waterstroomen , die , door uw helderheyt , schijnen vlieten ' stil te staan , groeyzaam berg , die te hemel reykt , schouwt aan dat bidden ik , mogen het zijn , my doch als een gelukkig , door dienen ik mijn godin beoog , gelijk een drukkig en droef Tantalus , die , als ik haar nau hebben , My wederom ontzinken als een afvallend ' eb . helaas ! henrijk ."
3,"Mevrou , ik zijn niet zeer verwonderen , of schoon dees waterbeek zich van zijn loop afzonderen , en tusschen d'oever , daar hy ruyssen ' vliet , als doden en roereloos blijven staan , ja zelfs de roos zijn root Verdubbelt , als beschaamt uw schoonheyt aan te schouwen . dees uytgehouw steen kunnen het zilvre nat niet houwen . Den zoeten Zephyrus vast met een labb're koelen , op het aangenaam en zoetst , door bladden en telg woelen . de zon met zijn glans het gebomen doen gloejent verven . de bloem , als door schrik de snelheyt , die besterven , en hangen als verslenst , door 't derven van de douwen , die hun Aurora schenken ; vermits gy , waarde vrouw , zijn Flora in het gebloemen , een thetis in de beek , en een Diaan in 't bos , die , om recht uyt te spreeken , Den held're Febus met zijn glans in all's verdoven ; en hem , wanneer het u lusten , van zijn paruyk beroven . ia , die de hooge Goôn kunnen wet en regel geven . en die gebietster zijn van Henrijks ziel , en leven ."
4,"zullen ik gebied die , die ik voor gebieder hiel ? Zoo horen een woort of twee , mijn uytverkoore ziel . dees aaklig ' eenzaamheyt verplichten my u te zeggen veel waarheên , die in my , ô Graaf , verbergen leggen ."
5,"noch veel wort gy verplichten , ô schoone , door mijn trouw , aan u beloven met eden ; maar ik bidden , ô waarde vrouw , slaan op mijn nedrigheyt doch niet uw lief ooog , laten die my gunstig zijn . mevrouw , wie op een hoogen Verheeve steenrots staan , die d'hemel reykt , wie top de god doen beloert , zien niet om laag ; want op Zoo hooog plaats te staan , en nederwaarts te kijken , zullen Argus snel gezicht al deyzen ' doen bezwijken , en duyss'len doen het breyn , door 't schrikkelijk vertoog ' Van nederwaarts te zien , en schelden het nieuwsgier oog . Dies van uw hemel , lief , zijn ik de laag aarde , Zoo veel schelen ons staan na 't lichaam ; maar , ô waarde ! doorluchtigste Princes , de groot proef van min en teyken , waar aan hy te kennen zijn , staan in een ongelijkheyt te gelijken , in zijn hand voeren deze God een schaal , daar hy de hart van de Verliefde , hoeze zijn , gelijken en evenaren ."
6,"indien uw nedrigheyt u ophouden , of bewaren , om met gelijk min my weder te beminnen , Zoo zijn uw min geveynst , door dienen ik in mijn zin , en mijn gedacht , u my waardig hebben gekent . hoe beek gy u dan in , als dat gy minder zijn ? neen Heer , wy zijn gelijk ."
7,"o goddelijk harssen ! die mijn verwelken liefd ' komen met uw dou vervarssen , die my zelf banen de wegh , en maken ons min gelijk ."
8,"Ia wanen van godlijkheyt ; wel aan , laten ons een blijk doen van oprecht min , en ons genegentheden van ons ziel , in een ziel te zamen smeden ."
9,"ik zoeken onwetend ' , och , mijn doden ; ik worden nagespoort van een verslind end ' dier . wat mensch hebben oyt gehoren dat een , die op de jaght het willen zoeken te belagen , zelfs vluchten , en worden gejagen , in plaats van te jagen , als ik , die door Fortuyn , en bitt're tegenspoet , Gedreven heen en weêr , met een ontsteeken moeten mijn doden zoek , en dat in die geen die my kunnen helpen ? doch als een Bazelisk ' mijn leven lamp komen stelpen . door het doodelijk gezicht van haar vergiftig oog . o beul van mijn gemoet ! Tyran , ay zeggen , hoe hoog , om my te plagen , zullen gy in uw wreetheyd steyg'ren ? hoe lang zullen gy dees borst vol vuur , als Etna , weyg'ren verkoeling ? Wrede min , die onbeloont .... maar zacht , daar komen mijn vyandin . wel aan , storten nu uw klacht , en offeren haar uw smart en pijn : laten niet verhoolen . neen , zuchten , kroppen u in ; waar willen gy heene doolen ? zien gy daar henrijk niet , uw vyandt ? dit geboomt My voor een schuylplaats strekken , en ik een spie ."
10,"betomen u ; wat ik zeggen dat zweren ik u , en zullen het ook houwe . zijn ik uw eyg niet ?"
11,"hoe , zijn zy henrijks vrouwe ! o hemel ! wat zijn dit ?"
12,"de blijtschap hebben mijn hart verwonnen . och mevrouw ! mijn ziel door vreugde wart heel optrekken door uw gunst ; ja zoo drijven , dat zy mijn tong , naar eysch , geen oorelof kunnen geven om u te danken voor uw weldaân , als verplichten : doch het geen mijn tong verzwijgen , dat mek u mijn gezicht . maar wie zullen u , Mevrou , doch tot dit Huw'lijk raden ? de Majesteyt schelen veel van Graaf of zijn genaad . ook zijn het zeeker , dat de koning toorn en haat , als zijn bevordering , by ons te wachten staan , Hy zullen in eeuwigheyt ons beyder Trouw niet stem ."
13,"ontsla u van die zorg , willen uw vrezen betemmen ; mijn vader die zijn ouden , en stappen met eene voet al bukken ' in zijn graf , en na zijn doden , wie moeten als eenig erfgenaam dit Koningrijk regeeren ? ik , die zijn dochter zijn : en of ik uw verëeren willen met de naam van Man , en koning , wie doch zouw mijn macht doen deyzen , of verhind'ren ?"
14,"schoone vrouw , ik Beken , het zijn wel waar ; maar hoe zullen ik de stroomen , en het vloejen van de min , met zulk gedult betoomen ? de parssing van de vloet die vrezen ik dat de dijk Vermorzelt en vernielen van mijn gedult , eer 't Rijk Uws vader , door zijn doot , aan u zullen overerven . zijn liefde lopen te post , en zullen geen rust verwerven voor dat ik meê de vloet van Acheron betreê ."
15,"vallen u de tijdt te lang ? verdriet het u alreê ? wel aan , ik zullen uw pijn , zoo het mooglijk zijn , verzachten ; want morgen zullen ik u in mijn vertrek verwachten . waar wachten ik na ? helaas ! het oordeel zijn gevelt . mijn doden , de plaats en uur van sterven zijn bestellen ."
16,de gunst zijn ik niet zijn die gy my komen betoone . ik danken u voor dees eer die gy my doen . ô schoone ! dat ik uw hand kussen . maar ach ! mevrouw .
17,hoe bang staan u 't gezicht . wat zijn het ?
18,"Ay ! morgen , het zijn te lang ."
19,waarom vernoegen g'u niet ?
20,"door dienen ik in mijn hoopen op het yvrig zijn , zoeken ik door smeek af te koopen een naauw geding van liefd ' , het uytstel van mijn pijn ; vermits een oogenblik de hoper schijnen te zijn een jaar ."
21,zoo zeggen gy dat de hoop zullen quelling baren ?
22,"O ja , zo lang men niet de oorsprong van 't bezwaar genieten , zoo zijn de hoop en liefde al even zwaar ."
23,van nu tot morgen zullen uw ' droefheyt eynden .
24,"maar van nu tot morgen , lief , verbranden 't oud troyen . van nu tot morgen zien men 't Roomse Rijk verstroyen haar glans en heerlijkheyt . de persiaansch vloot Verdurf , en zinken te gront in Thetis ruyme schieten . van nu tot morregen worden d'arremste gelukkig ; de rijk wederom zeer jammerlijk en drukkig Beweende zijn elend ' , al waar hy in dees tijden Vervallen waar . mevrouw , die geen die nooyt benijden Van iemant hebben zijn , krijgen al zijn vriend tegen . de trouwen laten zich tot verradery bewegen . van nu tot morregen verliezen Pompejus het hoven ; en Caesar in deez ' tijden wieren van zijn macht beroven . van nu tot morregen verliezen Candaules 't leven , en in die zelfde tijden worden zijn slaaf verheffen tot Koning . in de tijdt van morgen en van dagen zien men de hemel schoon , dan weder door een vlaag Benevelt en bezwalken . her vogel vangen , ontkomen zijn strik . voor 't laatst , Mevrouwe , het verlangen van nu tot morregen baren veeltijts druk en rouw , en afgunst voor de gunst , en ontrouw voor de trouw . van nu tot morgen worden getrouw liefd ' versmeeten , en 't loon daar van gestellen in hand van het vergeeten . ach Dionysia ! indien dat u het verstant niet zinn'loos waar , gewis gy zullen hem haten ; want nu hy uw liefde zien , zoeken hy met listigheid te trachten na uw eer . ach , dat my het luk bekleeden met zulk een gunst , Princes , noch uur , noch dag , noch week , noch manen , noch jaar , noch eeuw zullen my noyt uyt de streek doen dwalen van de plicht ; maar met gedult verwachten 't genot , of schoon het gedult my in de min doen smachten ."
25,"heer Graaf , nu deze nacht wachten ik u in het paley , daar ik u getrouw min beloon na plicht en ey ."
26,"mevrouw , de god zelfs verlaten haar hemel , en kiezen het wout tot lusten ; alwaar het pluymrijk gewemel de half ontzielen weêr tot nieuw vreugt verwekken . Ay , laten ons , wijl dit bos ons tot een tent verstrekken , wie groen behangsel , door vrouw natuur weven . de schaamte schaduwen , tot het wit der min begeven . de minnen-yver woelen en barsten te boezem uyt . ik gaan , en steur't verzoeken het opzet van die guyt . doorluchtigste Princes , het bos-zwijn , dat mijn oogen verloor , zijn dat niet voorby dees plaats vliegen , al schuymen ' , boos en fel ? ik volligen zijn strijken ; 'k vertrouwen dat het zich houden omtrent dees waterbeek ."
27,"Gy zijn het monster zelf , en zwijn dat ons komen storen . Henriko , komen , vertrek . Octavi , dat de hoor Terstont geluyt sla , en vergaâr al 't volk by een ."
28,"daar vliegen mijn doot , gelijk een snel schicht , weêr heen . hoe nu Octavio ! zullen gy dees smaad verdragen ? Henriko moeten van kant , als oorzaak van mijn klagen . ik die het de koning aan . neen , het zijn niet raadzaam , maar het veynzen zijn my best , 't welk veeltijds uyt gevaar 't Verstand helpen hebben , omringen met tegenspoed , en allerleye ramp . het strekken my dan te goed . mijn ziel , wat raat gy my ; zullen ik na lang gedult genieten het geen ik wensch ? ô ja , zeyt zy , gy zullen . maar zeggen my eens waar door , of hoe zullen dit geschieden ? door liefde , die de Goôn kunnen na zijn willen gebied , die zullen behulpzaam zijn in 't geen daar hy na trachten . hoe raken ik aan 't genot der min ? nu deze nacht zullen gy , zeyt mijn ziel , al heymelijk uw lus gaan boeten in de schijn van Henrik , met veel kus . gy bos , berg , en gy veld , die met groen en bloem zijn bezaayen , wie vruchtbaarheyt te voên , en te bevochtigen dees beek , zich gaan verspreyen gelijk een slang ; en gy gehucht en valeyen , en weeldrig pluymgedieren , lachen met een zoet geluyt : lachen vry , ik geven u verlof , mijn groote dwaasheyt uyt ; schoon het u niet eygen zijn , zoo lachen om dees vermetel , die een gekoren Vorst willen stoten uyt de zeetel , Wien Dionysia haar min en Rijk beloven . die kans moeten zijn gewaagt al kosten het ook mijn hooft ."
29,waar laten gy de Princes ? waar zijn zy u ontkomen ?
30,"veel snelder als de winnen hebben zy haar streek nemen , of als een atalant , voorby dees groen laan ."
31,"verzaam al 't volk by een , het zijn tijden na stad te gaan ."
32,"ik zullen de koning last , met ernst en vlijt , volbrengen ."
33,ik rust my op dees steen .
34,"GOôn ! kunnen gy dit gehengen ? daar zijn de koning zelfs , ik gaan en spreken hem aan . zijn majesteyt , zoo het schijnen , zijn moê en mat van gaan ."
35,"met reên , Octavio , door die dat my de jaar , gelijk de zonne loop , ontschieten en ontvaren , en laten d'ouderdom niet dan een schaduw na van pijn en onrust : maar wat jagen u hier ? ik gaan met ongedult en vrees , met toorn en trouwheyt zwanger . wat zijn ' er gaans ? spreken op . O Vorst ! ik kunnen niet lang , door die 't geluk my voegen , dat ik by u alleen komen zijn , het geheym verzwijgen . zeggen , wat reên en oorzaak porren u om my alleen te spreken ? Verradery , die schelms zijn tegen u besteeken . van wie ? en waar van daan ? zijn Majesteyt geven last dat men terstonnen een man vangen nemen , en vast verzeeker deze nacht . wie ? henrijk . wie ? de Grave . wat Graaf ? Henriko , Heer . Octavio ! die braaf en hoogdeurluchte man ? ik twijffelen in het eerst wie dat gy menen . maar ik twijffelen noch op het zeer ' aan zijn gevangenis . maar d'oorzaak van dit vangen ? zullen ik u morgen vroeg verhaal . het verlangen van nu tot morgen prangen mijn hart en ziel . zullen ik de trouwheyt , zonder recht of oorzaak , in een strik verstrikken ? om war reên ? het Geheym moeten zijn verbergen tot aan Auroraas komst ; ook doen de vrees my zorgen , dat , zoo gy het eerder weer , mijn hoop gants vrucht'loos een man alleen moeten hem verzeekeren . gewis uw leven , rijk en Kroon hangen aan dees zaak . voor al zijn , bidden ik zijn Majesteyt hy laten zich dit geval , en nemen een kleyne wijl gedult . voorwaar , het zijn vreemt dat ik niet weeten mogen waar uyt dit oorsprong nemen . en zullen een man alleen de Graaf in hecht'nis zetten ? Octavi , wie zoo koen ? de Vorst gelieft te letten , indien dat Fabio alleen , op u bevel , dat aan Henriko zeyt : dat hy gehoorzaam stellen zich in de handt van de Marquis ; mijn Heer , ik zweere dat hy zulk daat'lijk doen , om zoo met list te weeren de wantrouw , die hy merken dat van zijn handel weten . Henriko , wat zijn dit ? hoe breektg zoo uw eed ? ik keer na 't hof ; en geven mijn dochter dit te kennen . o neen , zulx most niet zijn , dit zullen mijn voorneem schennen . ik bidden zijn Majesteyt dit toch verburgen houden ; want morgen met de zon zoo zullen ik zonder fout u melden , wie dat al aan dit verraat zijn schuldig . wel , ik zullen lijdtzaam dan die tijdt , en ongeduldig , Van beyts verwachten , ô gy gordiaansch knoop ! die dees mijn oud ziel stellen tusschen vrees en hoop . zeggen , weten gy d'oorzaak niet , mijn vrient , waarom het jagen zo schielik zijn staken ? 'k zien de Princessen wagen , en d'and're koetzen ook , al voor een uur , zoo ik menen , na stadt toe keeren . zeggen , weten gy de waarom ?"
36,"neen . ik moey me daar niet meê , en ook zoo zijn het zaak die my niet aan en gaan , noch ook in 't weinig raken . dies zeggen ik , het roeren me niet ."
37,"Grimaldo , vriendt , gewis ik menen gy zijn verlieven , en dat dit d'oorzaak zijn dat gy al d'andre zorg uyt uw denken gaan wannen ."
38,"Voot my , ik wensch de liefd voor eeuwiglijk bannen , Bellardo , ik verlieft ! ô neen , mijn zoet man . het zijn waar , ik zijn verlieft , op glas , op kroes , op kunnen . o woord ! die mijn hart komen uyt mijn boezem steelen . avoes , gaaroes , drinken an , gy kunnen my niet verveelen al quamen gy hondertmaal de daags , ja in een uur : mijn min , op u gevest , zijn vast als een muur . maar horen eens , weten gy niet , gy recht venusjanker , dat liefd ' , daar gy van spreken , de mensch gelijk een kanker al quijnen ' doen vergaan ? hoe menig braaf meyt hebben , door de min geparst , met ongehoorzaamheyt haar vader huys onteren , en hebben alzoo schenden 't Gebod , waar doorze zijn wel striktelijk verbinden aan de gehoorzaamheyt ; en daarom worden de min ons voorgestellen als blind , om dat zy blind'lings , in het geen hun schaad'lijk zijn , met dollen yver loopen . hebben niet de min met list de hart vaak bekruipen van veel huwen ? die , vergeeten hun plicht , Verlooren schamen en eer . nu laatst , in mijn gezicht , zeyden ' een getroude vrouw , doch niet getrouw , al lachen , met wat voor dankbaarheyt zullen my mijn man , die prachende met veel gevley te hoof het guld vlies verzoeken , bedanken , als hy horen hoe dat ik hem gedoekt hebben , met het geen hy wensen ; zo dat hy zich mogen reek'nen voor Aries , of de Stier , twee van de twalef teek'nen . wat dunken u of een vrouw zulk toestaan of betamen ? en daarom worden de min al naakt , en zonder schamen , By d'ouden uytgebeelt . Bellardo , voor het laat zijn dit mijn oordeel , dat de liefde het alderquaatste en het argste voor de mensch op aarden zijn ; voorwaar dat tuygen ons Ilion , het welk in 't tien jaar quam door de min te val . wanneer ik zien de kuuren en streek van de min , kunnen ik my nau bestuuren van lachen , om dat hy zoo vaak zich transformeren . in het barbaars gewest daar willen hy zijn geëert gelijk een renegaad ; itaaljen daar zijn Mejonker een grooten spaanschen Don , een Portugeeschen pronker ; in Spanjen , en in het gezegent Nederlandt , zijn hy Monsieur , il dit luy mesme qu'il est grand ; in Vrankrijk kunnen dees droes zich als een staartman houwen ; in Engelandt een schot ; en om onheyl te brouwen , het Zy in wat hoek of lant , daar zijn straks die Duyvel by , en maken een vonk tot kool . dit zijn d'oorzaak waarom hy met vleugel worden gestelt . hebben ik u nu het leven van dees geveynsde gden niet aardiglijk beschrijven ? Wegh dan met min en liefd ' , het eed'le bacchusnat dat worden van my gelieft en aangebeên : maar wat Mevrouwe de Princes belangen , zy zijn wel waardig dat yder een haar mint ."
39,"niet waar , mijn vriendt ? hoe aardig , wanneer men haar bezien van het hoven tot aan de voet , zijn zy gestelt van leên ? 't welk my gelooven doen dat zy , wanneerze jagen , Diana gaan te boven in schoont ' en raddigheyt . ik wensch haar , willen my geloven , een man gelijk Adoon ; doch niet zo wulps . noyt dagh Bejeegen hem , waar in dat hy oyt wijk magh Voor Alexanders luk , en dat hy rijk geboor voor Midas niet en zwichten ; maar wel in d'ezel oor : en dat zy leven t'zaam tot dat zy 't leven moê door hooge jaar zijn . dit zijn mijn wensch ."
40,"wel hoe Bellardo , zoo de Graaf dees uw wenschen horen , Hy schonk wel een kleet , al zullen hy het laten boren met zulken passement , daar men , als het gelen ons falen , de huysheer onverwacht de huyshuur meê betalen ."
41,maar menen gy dat de Graaf mevrouw Princes zullen trouwen ? wat houden gy van dit werk ?
42,"wat zullen ik ' er af houwen : Hy menen of menen ' et niet , altoos hy staat ' er na ."
43,"dit vryen zijn zoo vremen dat ik het my niet verstaan . het zijn waar , als dat men zeyt , hoogdravend gedacht die zullen eerlijk zijn ; ik en wilze ook niet verachten : maar al te hoog , mijn vriendt , dat zijn lichtvaardigheyt , door dienze met de winnen , gelijk een rook verspreyt , verdwijnen eer men het weten . maar dat de Graaf Mevrouwe Van hart lieven , dat zijn waar , het welk ik zeeker houwe Uyt eenig teek dat ik laatstmaal aan hem zien . maar zijn majesteyt , wanneer het hem goet dunken , mogen An d'een of d'ander prins mevrouw te huw'lijk geven . hoe zullen hy d'ooog , die hem eerst tot liefde drijven , beschuld , dat zijn hart zoo dwaas daad bestont . maar zacht , daar komen hy aan ."
44,"hoe lang zullen gy dit ronden , o moeyelijken dagh , die my verdriet , beschijnen met uw fakkellicht ? apoll ' , ay willen verdwijnen , en wenden ' uw koets na 't West . varen , bidden ik , snellijk voort . denken nu op Daphnes vluchten , of op uw zoon . verhoren My veyl'ge Nacht spoed ' u en willen het aardtrijk dekken ; niet met uw lamp , neen ; maar wiltze overtrek met uw mantel dik benevelen ; want nu ik een held're zon verwachten , die my verheugen , zoo schrikken ik voor uw tintellicht en flikkerende straal ."
45,"zullen uw genade dan de gantsche nacht gaan dwalen ? de jaght hebben uw vermoeyt , mijn Heer , het zijn tijden te gaan ."
46,"het zijn zo ; ik verwerpen dit kleet , en trekken een ander aan . nu tza , Bellardo , voort , ik zullen my gereet gaan maken ."
47,wik gy het zwart kleden ?
48,"willen gy die reden staken ? het zijn na geen tijdt om my te kleeden in het zwart ; o neen , want deze nacht moeten niet alleen het hart , maar ziel en lichaam beyden ' met vreucht gelijk verschijnen voor mijn vergode zon ."
49,"uw vrengde , heer , die pijn en dwingen mijn ziel met u te zijn verblijt ."
50,"mijn bijtschap woelen , en barsten te boezem uyt . gy zijn het waardig dat ik u mijn vreugde deel , ô god ! haar Hoogheyt zijn mijn tong ; de spraak wort my verbieden , ik kunnen niet zoo ik willen ."
51,"wat zijn het dat u ontbreken ? worden uw tong geboeyt , hoe komen dan dat gy spreken ?"
52,"o waarde . weg van hier . hoe ! zullen gy met my gek ? 'k ontdekken mijn vreught aan u ; horen , ik zullen het u vertrekken hoe dat ."
53,"onnodig , heer , wijl het voorzeeker zijn , dat , zoo Mevrou Princes u hebben zien , gewis u vrind'lijk hebben beogen . och , hadtze durven spreeken Gy hebben het jawoort al ."
54,"'k zullen u de harssens breeken , Gy trouwelozen schelm , dat u de donder slaan . Bellardo , tza , komen hier , gy zullen het weeten ; ja , O ja , gy zijn de man die mijn vreugt zullen plaatsen ."
55,"'k geloven mijn heer krijgen lust om wat met ons te kaatsen , Hy bruykt ons voor zijn bal , en drijven ons heen en weêr ."
56,"Bellardo , wat een vreugt ; zien daar mijn vriend , ik zweren gy zullen het weten , horen . nu op de jaght . te zij ."
57,"Grimaldo , wacht kop ."
58,wat zijn ' er ?
59,"wil mijden , ik docht voorwaar dat hy met steenen goijen willen ."
60,"de min hebben my beloven , ô vriend , dat mijn trouw Eerlang ..."
61,"wel nu , varen voort , hoe zijn het hier scheppen ? Hy zwijgen gelijk een muys ."
62,"zacht , zullen hy ook wel slapen ? houden , holla ."
63,wel wat zijn dit ? wat wiltge ?
64,"Ay , varen voort met uw reden , heer , eerlang zijn het lessen woort ."
65,"eerlang quam een gedacht ' mijn voor'g reden breken ; mijn tong die worden eerlang al weêr geboeyt ; het spreken zijn my door vrezen verboôn , en mijn verlieft gemoet dat spreken my aan , en zey , zien voor u wat gy doen , bedenken u wel te deeg . daarom , ô snood fiel , wijken van my , wijken te zy , of ik zullen u vernielen , en geven u het loon 't welk gy aan my verdienen ."
66,"hij hebben ' et niet heel vast , je milt u zin , vrient . dat gelden de god weêr , kijken dat gezicht eens spalken ."
67,"Diaan willen straks de lucht benev'len en bezwalken , dekken 't zilver tintellicht ; want d'ooog van mevrouw Verduyst'ren uw glans ; gaan kleden u in de rouw om uw endymion . wie komen daar ?"
68,het zijn klenarde .
69,"ik brengen uw goed máár , mijn Heer ."
70,wat zullen het werde ; wat zijn ' er gaans ? spreken op .
71,"zijn Majesteyt begeren , dat gy voort by hem komen , die straks te hove keren , Hy wachten u ."
72,"My , waarom ? Klenardo , zeggen , wat reden ?"
73,Hy zullen u lichtelijk met eenig ampt bekleden .
74,"mijn dienaar wapent u , op dat gy deze nacht My , op de plaats bestemmen , te rechter tijden verwachten ."
75,uw last zullen zijn volbrocht .
76,"wel aan , ik gaan te hove . o hemel ! willen my doch niet van mijn vreucht berove . geven dat zijn Majesteyt op de bestemmen uur My oorloft om te gaan ; doch onbewust , om 't vuur te blussen door een vuur , 't welk nimmer mogen verkoelen ."
77,"MEvrou , ay geven gehoor , veranderen uw gevoelen ."
78,"wat beek gy u toch in ? en schoon of my de plicht binden aan gehoorzaamheyt mijn vader , dat ik zwichten of duyk voor vader haat ? ô neen , door die de liefde My heel verwonnen hebben , die deze borst doorgrieven met zijn vergifte pijl ; doch aangenaam . ik zullen mijn Henrijk , nu noch noyt , om eenig ongeval verlaten ; die u raad , Celinde , mogen gy sparen , die met u lessen woorden zijn als een rook gevaar Uyt mijn gedacht . hoe ! gy weten de min zijn blinden , en maken ook zien blindt die gene die hem minden . uw raden die zijn vergeefs , uw tegenstrijt verdrietig ."
79,"mevrouw , met uw verlof , ik acht hem niet zoo nietig dat hy niet waard zullen zijn de liefde van een vrouw . maar tusschen u en hem zijn groot verscheel ; de rouw volgen zulk een huw'lijksfeest gemeenelijk . dat d'ooog Des minnaar zijn beroven van 't licht , het verstant vervliegen , dat stem ik toe , Princes ; maar laten de reden , die gelijk een lynceus zien , uw borst beheerschen ; wie zullen de hartnekkigheyt , als oorzaak al ramp , indien men reden bruyken , huysvest ? ach , wat damp benev'len u het breyn , dat gy zoo onbedacht een man , u niet gelijk , in u we kamer wachten ? Mevrou , bedenken u wel ."
80,"zeggen , Raatsvrou , om wat reden zullen ik mijn man verbiên in mijn vertrek te treden ?"
81,daar zijn noebt twijffel aan .
82,"wat twijffel zijn ' er , spreken ? beu ik zijn eigen niet !"
83,Gy missen de recht streek . gy lopen verlooren zoo gy het doen .
84,"Gy onbezonnen , Verlooren zijn ik niet , maar zeggen , ik zijn verwonnen ."
85,Princes .
86,"Ay , steur my niet . gaan heen , de nacht genaken , Doof al het licht . zien toe celinde dat gy waken tot dat Henriko komen . zien toe , op dat de koning ons beyde niet vespiê ; wat uitvlucht , wat verschooning zullen voor my arm zijn ? die nemen het wel in achten het geen ik u hebben gezeyt ."
87,"uw last zullen zijn volbrengen . mijn raden die zijn om niet . ô ramp ! waar heen celinde ? Gy raden een ander , ach , en kunnen geen middel vinden voor u ( ay my ! ) wat raden ? ach Dionysia ! laten af van uwe min , ze komen u niet te stâ ; u kanze schade doen ; my kanze voordeel geven ; Wy zijn van staan gelijk . hoe worden ik zoo drijven en van de min gesollen vast heen en weêr ? ô min ! hoe neemtg zoo te sluyk ons heete boezem in ? men mogen de liefd ' en wijn met recht wel evenaren ; wanneer dat ons de wijn komen in de herssens varen , dunken hy ons lieffelijk ; maar ach ! niet lang daar na tonen by ons zijn vergift ."
88,spraakt gy de Grave ?
89,Ia . Hy zullen hier daatlijk zijn .
90,"Klenardo , zeggen , zijn wezen hebben gy daar op letten ?"
91,het zijn bly en zonder vrezen .
92,"men brengen hem hier by my . gaan Fabio , bezien of het hier ook veylig zijn ."
93,Gints gaan celinde .
94,wie ?
95,"celinde , Heer ."
96,"roepen haar . zeggen , komen gy iets begeren en ?"
97,"o neen , mijn Heer ."
98,"willen straks dan na u kamer keeren . mijn dochter , waar zijn die ?"
99,"sedert zijn Majesteyt haar laatstmaal spreken , gaan zy in haar vertrek . wat zeyt Klenardo nu ?"
100,"mijn Heer , Henriko zijn komen ."
101,"gaan , haal ' em , en vertrek ."
102,"'k hebben nauwelijk vernemen de last uw Majesteyts , of ik ..."
103,"Gy doen zeer wel . marquys , volvoeren mijn last , en volliggen mijn bevel ."
104,hoe gaan de Vorst voor my zich zoo af keerig houwen ? zijn ik niet waardig veel zijn aangezicht t'aanschouwen ? wat zijn dit ? wat zijn ' er gaans ?
105,"heer Graaf , geven my gehoor ."
106,wat zijn uw last Marquys ! wat hebben gy met my voor ?
107,"vervloekt weerelts wet , zullen men zoo trouwheyt loonen !"
108,"wat voor belooning ? spreken , of zoeken men my te hoonen ? wat zijn uw last ? hoe nu waarom wieren ik gehaalt ? wat trouwheyt willen de Vorst , ontrouw , zeggen ?"
109,"Ay smalen , dat bidden ik , niet op my , ik moeten gehoorzaam wezen ."
110,wat hebben ik dan misdoen ? of waar voor zullen ik vrezen ?
111,ik zijn met eden verplichten te zwijgen deze zaak .
112,"hoe ! vinden zijn Majesteyt in mijn ramp vermaak ? wat zijn ' et , boeren of ernst !"
113,"My geven ' uw deeg , door zijn koning last , kunnen gy de gront zacht overwegen ."
114,"mijn deeg , Fabio !"
115,ik volgen mijn last .
116,"wel aan , ik Volbreng de Konings willen ; hy hebben zeer wel doen dar hy nu eyst , door u , het geen ik zoo menigwerf hebben in zijn dienst gebruyken , ja tot op 't punt van sterven . ik offer , met dit zwaan , met een mijn moedig hart . zien daar , Marquys , zien daar ."
117,"o duldeloos smart ! het en worden nimmer waar , dat nijt , door haar vermogen , Ont wapenden uw zy . ik zullen het noyt gedogen dat gy vangen en beroven zijn van geweer ; Noyt geven men my de schult dat ik zu lks deê ; mijn Heer daar zijn de mijn ' , ik bidden wiltz ' aan uw zijde hangen ; schoon ik uw lichaam boey , gy houden mijn ziel vangen ."
118,"gy wachten , de koning ook ; komen , gaan wy , het zijn tijden . d'onnozelheyt mijn ziel van zorg en angst bevrijden . 'k zullen u , ô Fabio , na d'oorzaak niet veel vragen . zijn het de Konings wil ? ik volgen zijn welbehagen . gaan voor ."
119,als het u believen .
120,"o moeyelijk nacht ! die mijn vreugde roven , helaas ! zoo onverwacht ."
121,dit wachten duren te lang .
122,"Bellardo , zijn dat gapen ?"
123,'k hebben vaak ; waar of hy blijven ? ik loven de Graaf moeten slapen .
124,"o neen , dat loof ik niet , hy zijn te zeer verblijt , en blijtschap voelen geen slaap ."
125,"al evenwel het zijn tijden , auroor die doen de nacht door haar komst verdwijnen , en schgyft van het blaauw gewelf de duystere gordijn ."
126,"gordijn ! dat zijn zoet , jou recht eezelskop . o mijn , ik lachme doden ."
127,waarom ?
128,"Ay , laten men krop haar vreugt eerst uyten , och ."
129,wel waarom lachen de kinkel ?
130,om datje d'hemel lijken by een barbier zen winkel . dit zijn d'oorzaak van men lach .
131,"lach daarom zoo scheet ? zijn het anders niet , jou zot ? ik zeggen het op zen poëets , en dat verstaje niet ; 'k hebben meê het sop zuigen Van Pegasus fonteyn ."
132,"Zoo benje meê bespogen van deze paardemieg . Wegh , eer me besmetten . ik wensch jou in Hippokreen , en my in 't zacht bedden ."
133,"in het bedden wensch ik my ook , de duyvel mgen zoo wachten . ik worden dit leven moê , dit duren vallen al nacht . onlukkig zijn wy , vriendt , door die het onluk hebben ons by d'onlukkigste te werellen , die ' er leven , gevoegen ; want zien dees zot , door zijn zotachtig min , menen dat narcisse en Adoon misschepsel zin , By hem te reekenen ; ja dees gepluymde kieft menen dat al 't vrouw geslacht terstont op hem verlieven . hoe kunnen die kleyne Guyt met zulk minnaar hand'len ; het zijn om te lachen als zy 's nacht of 's avond wandlen voor het veynster , deur of glas , alwaar de liesste wonen die hun ziel gebied , dar zich Ian Gadt vertonen , bemantelen om en om , en spelen een stom bevert , tot dat een oud Heks , al quijlen en beseveren , Ia zonder kies of tante , een volgeschuymde pot , en zonder , wach daar , van boven neêr die zot werpt over hals en hooft , en hy dan met verwond'ren staat zoo verbazen en kijken als of hy het horen dond'ren : dan met een broek vol wint voort na een dist'lateur ; of met een water , of poeyer , dees geur , die hem niet wel en ruykt , te goed te verzoeten . ik vrezen dat ons haan dit ook eens zullen ontmoeten , Hy staat ' er dapper na ."
134,"Bellardo , dat zijn waar . de min huyst in de beurs zoo lang die rond zijn ; maar wanneer het geld verden wijnen , de min zullen ook verdwijnen ."
135,"maar zacht Grimaldo , zacht , wie komen ons hier verschijnen ? gewis het zijn de Graaf . wat arge gast zijn dat ! ik Vertrou hy hebben altoos geen quade nacht hebben ."
136,zijn blijtschap hebben zijn reên ; komen treden wy hem nader .
137,"tree van my af , te zy ."
138,'t Wort met hem langs hoe quader . dar niemant zich verstout te weten wie ik ben. blijven staan .
139,mijn Heer . wat heer ! dat u de donder schen .
140,"hoe ! slaan hy zulk munt , tza rep dan mijn voet . wat mensch quam oyt 't geluk zoo heugelijk ontmoeten als my , die in de schijn van Henrijk , het genot mijn mins genieten hebben van die my haat . wat lot Verleent gy , ô Forruyn , d'hoogdravend gedacht , en niet de blood die uw mogentheyt verachten ? o nacht ! uw duysterheyt hebben my genoeg betonen hoe gy de list beminden , en haar met glory kroondt ; ik zullen een zilv're lamp , ô nacht , als tot een teeken van mijn verwinning , voor uw outaar doen ontsteeken . mijn ziel die zijn verheugen , nu dat ik hebben die geen Verwonnen , die op aard ' mijn wreetste vyant schijnen . Tweede bedryf ."
141,"het morgenroot hebben nau haar glinsterend straal , door het deyzen van de nacht , doen op het aardrijk dal , Of my worden deze brief behandigen uyt de naam Van Graaf Octavio , wie inhouden , na ik raam , My niet veel goets vermelen ; want als ik die doorlees , mijn onde ziel vervullen met achterdocht en vreze . marquys , doorzie die eens . darren bedryfen ."
142,"MYn Henrijk , och mijn lief ! hoe zeer zijn ik bekommeren om u afzijn zijn , en zijn alsins beslommeren met achterdocht en vrezen ; vermits een zwaar dromen mijn ziel hebben vervullen met angst , met schrik en schroom ; maar door uw wederkomst mijn ziel zich weêr verheugen . vier bedryf ."
143,ZOo zijn het . de schender hebben het oordeel zelfs geven .
144,onnozel rozaur ' ! verliezen gy zoo u leven ?
145,"d'onnoos'le kuysheyt sturf om uw lichtvaardigheyt , het zijn billijk dat gy uw en mijn fout beschreyt . komen , spiegel uw schult en misdaat in de mijn . haar leven zijn uw doden ; uw oneer doen ' my quijn , en jammerlijk vergaan ; doch staatzucht hiel de zijgen ' ."
146,onlukkig gravin .
147,"eer ik Henriko krijgen tot dees vervloeken daden , hebben ik hem voorgehouwen , dat hy van staan aan met u , mijn kindt , moeten trouwen . zijn sterven lust my wel ; maar het best zijn dat hy leven , op dat hy my mijn rust , u d'achtbaarheyt hergeven , die anders duyzentmaal op eenen dag zullen sterven , door uw schenden eer , en wy al t'zaam verderven . dit zijn nu de middel waar door alles worden herstelt . daar komen de bisschop aan ."
148,"Heer vader , och , hoe quelen gy dees bedroefd ziel ; zullen gy uw kindt doen trouw met een tyran , een schelm , een moorder van zijn vrouwe !"
149,"uw eer , Princes , die zullen hier door verbeteren zijn , en dees bedroefd Vorst ontlasten van angst en pijn ."
150,"Ay , zeggen me doch , wat eer kunnen een verrader geven die my mijn eer ontstal , en d'eerbaarheyt , het leven ? bloetdorstig Tyran ."
151,"hoe ! tergen gy mijn gedult ? Wy zijn de moorder zelfs , gy eerst door uw schult , en ik door ongeluk ."
152,och ongelukkig trouwen ! wanneer men het Huw'lijksfeest moeten op een dood bouwen .
153,"het schijnen dat u het licht de hemels al verdriet ; of dat gy groot vermaak in mijn elende zien . men mogen met reden u gelijken by een kranken , wie hart gedurig schijnen na vreemd spijs te janken ; maar walgen straks door 't gezicht , gy hebben voor dees uw min genooten met gevaar , en nu gy midden in uw vryheyt ook uw min met wellust mogen genieten , beginnen u , na my dunken , het min te verdrieten ; en walgen nu van die geen die als een waarde schat beheersten u gemoet , en uwe ziel bezitten ."
154,"'t verdriet my niet , ô neen ! my walgen alleen het trouwen , op dat ik niet en horen : moordresse , 'k hebben mijn vrouwe om uwent willen vermoren , ay , zeggen my doch , hoe zullen ik vrolijk zijn met hem , die staag zijn ongeval zullen klagen yder een , en met betraand ooog het wezen van Rozaur ' ons eeuwiglijk vertoogen ?"
155,"zijn billijk dat gy wenen en zuchten om zulk een vrouw ; maar gy , die oorzaak zijn van dees elende en rouw , moeten u om zinlijkheyt , noch keur'g min quel ; Gy trouwen alleen uyt noot , om uw eer t'herstellen ."
156,"ik twijffelen niet mevrouw , zoo haast als henrijk zullen genieten uwe min , of het voorig ongeval zullen ook vergeeten zijn ."
157,"mijn kind het , stellen u te vreden , maken u gereet , het zijn tijden met hem in d'echt te treden ."
158,"hoe nu ! wat zullen dit zijn ? wat jagen u hier verbazen ? Klenardo , wat zijn ' er gaans ?"
159,"het schijnen dat de hemel razen met ongedult en wraak , en spuwen zijn fel toor op dit gezegent Rijk ."
160,wat zijn ' er gaans ? laten hooren .
161,"Henriko hebben noch nau het eerenkleedt aan 't lijf , en dat hy doen zijn met zijn geweer , vallen stijf en roer'loos voor ons neêr ; zo dat wy t'saam verschrikken , en staan gelijk verbazen : hy rijst , en slaan zijn blik nu hier , dan daar ; hy roepen , hy razen , hy tieren en schreyt vast met een heesche stem , Rozaura , och ! verbeyden , waar vlucht gy ? wreek u eerst aan hem die u dorst moorden . het zijn wonder dat hy niet in dezedroef heyt smoorden . het waar heel noodig dat hem lijfwacht worden bestellen . daar komen hy aan ."
162,"staan vast , en keer hem met gewellen ."
163,"vertoeft gy vrou , vertoeven , vertoeven mijn schoon Rozaure ."
164,"bedaart mijn Heer , bedaren ."
165,"de slang van Epidaure tonen ons zijn gunst , blijven staan . waar looptge ? ik zullen u wond Genezen ; komen , mijn lief , reyk my uw lief mont , dat ik u kus voor 't laat . daar varen haar schaduw heen . och mijn Euridice , waar zijtge daar verdwijnen ? o moorderes ! ô doden ! hoe ! vluchtge van my af ? houden stant , en voer mijn ziel ook met u in het graf . of wiltge dat ik leven gedompelen in de plagen ? wat , vragen gy wie Rozaur ' mijn Engel hebben verslaan ? dees vuyst , gy schelm , dees vuyst ; wekken gy mijn gramschap op Rampzalige , wel aan ; verrader , wachten uw kop ."
166,nemen hem zijn deegen af .
167,"daar isze , ik willen niet moord , gelijk ik hebben doen door uw raat en woord ."
168,"het waar goed dat gy zweegt , en melden ' ons oneer niet ."
169,"het zijn goed dat gy vrezen voor het hemelsche gebieden , als voor de weerelts eer ; want by aldien de hemel uw doen niet goet en kennen , gewis al u gewemel Van schijndeugen komen u doch in 't weinig niet te baat ; het zijn maar ydelheyt daar gy u op verlaten ."
170,hoe ! zijn dit dolligheyt ? voorwaar het zijn wijze woord .
171,"ik Beken , dat ik rozaur ' zoo eerloos dorst vermoorden . maar niet dat ik oyt d'eer van dees Princes genieten ; en zoo ik liegen , ik wensch dat my de hemel doden van staan aan . helaas ! mijn min die zijn gesnevelt . het zijn waar , het zijn bestemmen , wanneer de lucht benevelen en overtrekken waar , dat ik dan aan haar zy Vernachten zullen : maar dat zijn my missen , want hy , ik menen die oud vos , laten my in d'yzers sluyten , terwijl een honighdief een horsel dorst vrybuyten in mijn vergaren zoet , het welk hy zoo verdorf dat my niet overschieten als slechts de leege korf ."
172,o woord ! die mijn hart en ziel gelijk ontstellen .
173,"ik bidt u , houden doch op , laat af van my te quellen , ik zeggen , indien ik oyt genieten mevrouw haar eer , dat my de hemel plaag , maar horen , mijn vriend , ik zweren dat een vermommen guyt haar kuysheyt hebben genooten ; vermits dat hy haat deur en venster zien ontsluiten ; en dat gelegentheyt zich tonen moeder naakt , zijn hy , door haar gunst , aan het genot geraken . indien ik schuldig waar ik hebben het uytgesprooken , daar komen Rozauraas geest weêr voor mijn ooog spooken . maar zacht , wijk achterwaarts , van hier , van hier , wel hoe ! waar vluchtge ? komen , en vlieg , binden my mijn ooog toe ."
174,"zeggen , om wat oorzaak , heer , zullen ik u oogen sluyten ?"
175,"willen gy dan d'oorzaak zien ? wel aan , treê met my buyten . zien gy Rozaur ' daar niet in weduwlijk gewaat , en dat aan yder zijd ' een van haar kind staan , als tuyg van 't gerecht , het welk die Vorst zullen spreeken ? daar komen hy op zijn troon , en heerlijk uytgestreeken . wie menen gy dat hier blinken gelijk de morgenzon ? het zijn de heyl'gen en oprechten Salomon . zien daar , daar zien gy het bloeden zijn eyg bloeden beklagen . om dat het wreed bloeden het onnoos'le hebben verslaan . daar zien gy hoe 't bedrog als een misdader staan , en wacht zijn vonnis , daar , daar zien gy ook hoe quaat D'onwetenheyt het ampt van voorspraak kunnen bestuuren . och , dit gezicht moeten ik nu met mij doden bezuren , om dat ik u door 't glas en spiegel hebben getoont , waar dat de waarde ziel van mijn Rozaura wonen . dies zeggen niet veel dat ik haar schellems hebben doorsteeken . zwijgen ook van deez ' haar eer , of ik zullen my zoo wreekem dat ik ... wie roepen my daar ? ô zaal'g ziel , zijn gy het ? ik komen u daat'lijk by , mijn Engel , hoe verblijt staat uw gezicht ; ay , zien haar lief aanschijn blozen ; daar werpen zy op my neêr een menigte van roos . laten af van het heyligdom , eer gy uw hand smet ."
176,nu zien gy dat uw waan en voorneem zijn beletten ; en vinden u overal in uw hoop bedriegen .
177,"de liefd ' , en ook mijn eer , die hebben my bewegen dat ik hantdadig zijn aan uw vervloeken schullen ."
178,"Rozaura , ach ! mijn lief ik bidd ' u hebben gedult , ik most u door bedwang van deze gryzaart dooën . ik vervloek gehoorzaambeyt , en die het my hebben bieden ."
179,"horen Henrijk , weten gy niet dat ik uw koning zijn ?"
180,"Gy zijn een slang zijn in listigheid , en uw dochter Eva , die my hebben een vrucht geven , waar door ik met Rozaur ' verliezen het vrolijk leven ; en mijn ontroeren geest en wanhoop , zijn die geen die ons door het vuur'g zwaard doen uyt de lusthof treên ."
181,"mijn ziel vinden zich benart , wat raat nu ?"
182,"och elende ! hoe overvallen gy ons ; ik zijn mijn raden te ende , ik weten niet hoe men zullen ."
183,"wel aan , ik weten noch raat , Henriko moeten van kant ."
184,"och al te wreed daat ! Heer vader , sparen hem doch , hoe zijtge dus verbolgen ?"
185,"ik willen dat het geschiet , en zulk moeten daat'lijk volgen ."
186,"Gy wreed , weten gy niet dat ik uw wreetheyt kennen ? hier staan ik , doden me vry ; want nu dat gy de Hen met haar kuyken hebben verslinden , ô gy wreed ! Zoo scharp uw klaauw vry , verscheur de Haan ook mede . ik zullen , dat zweren ik u , vroeg voor de dageraat Uytkrayen deze snood ' , en goddeloos daadt , ik sterven dan met Rozaur '; maar hoe , ik kunnen niet sterven , mijn wandelen ziel zullen nu en altoos zwerven ."
187,"mijn Heer , indien de Graaf iets nuttigen , ik vertrouwen dat zijn ontzinnigheyt wel licht bedaren zullen . het zijn nu de twee dag dat hy niet hebben eten ."
188,"gaan Fabio , bezien dat gy hem krijgen aan het eeten ."
189,"o neen , ik hebben genoeg van uw vervloeken fenijn ; My walgen uw spijse , wegh , 'k moeten by Rozaura zijn . ik zullen my nu voortaan van spijs en drank onthouwen , tot dat ik mijn Rozaur ' in vreugde zullen aanschouwen . o wreed ! heugen u wel het geen gy my geboodt ? ik hebben uw willen volbrengen ; nu zijn Rozaura doden . of zoeken Herodes veel onnozelen te dooden ? dood my , zoo dood gy het al , waar toe veel bloets van nood ?"
190,men brengen hem voort van hier .
191,"ik gaan gewillig , ja , ik acht uw gramschap niet , ik volgen Rozaura na ; want yder druppel bloeden , uyt haar borst gezegen , wijzen my de wegh tot haar . ô aangenaam weg , hoe zoet vallen gy dees ziel ; ik gaan , verrader , maar onthouden uw tong van zulk , en zeggen niet dat ik haar genooten hebben , ô neen : hoe , mijn gezicht aan 't dwalen ! daar komen Rozauraas geest om mijn ziel te halen . ik groet uw zaal'g ziel , en volgen u op het spoor . henr . bin ."
192,"Gy Heeren , op dat ik mijn schand ' en oneer smoor , Zoo willen ik dat men dit geen mensch zullen openbaren ; en wie dat ander doen , zullen ik voortaan verklaren voor vyanden eeuwiglijk . Altenio , wat nu ? wat jagen u herrewaarts ?"
193,"ik komen , ô Vorst , tot u met een bedroefd máár ; al het landen dat zijn in roeren ; vermits Rudolfus al zijn ruytery doen voeren in yl na deze stadt , en 't voetvolk leyen noch stil tien mijl maar van hier , en huyst na wensch en willen . Den Adel met hun volk , en lantluy , die bezetten vast overal de pas ; doch kunnen het niet beletten , te zy men hunwersterken . en ook zijn my gezeyt , dat hy Rozauraas beeld in zijn standaart zweyt . de jong Mauwerits , door wraaklust opgetoogen , voeren hy het leger om , voor al krijgsliêns oogen , met schrikkelijk geluyt van trommel en trompet . Hy hebben zijn zwaart op u en Henderijk gewet ; en hitst haar , nevens hem , zijn dochter dood te wreeken . ik zijn op 't spoedig terstont na 't Hof geweeken , op dat zijn Majesteyt zich datelijk verzie , het zijn hoog tijden ."
194,"ik zullen : maar zeggen , gy Heeren , wie zullen ik , als veltheer , nu de krijgsmacht toevertrouwen ?"
195,"mijn oordeels zoud ' ik het met Graaf Octavi houwen . nu dat uw Veltheer zijn van wit en zin beroven ; Hy zijn de naast , Heer ."
196,"wel aan , hy zullen als hooft het leger na behoren , uyt mijn naam , gebied . 'k willen dat terstont te post een van mijn edelman na Oxfort rijden , en zeggen als dat hy daat'lijk komen te hove hier by my . ik zullen terwijlen , om op alles goed wacht te neemen , my begeven By mijn Raadt , komen , volgen ."
197,"lang moeten de koning leven . houd op , ay , wenen niet veel , 'k hebben deernis met u rouw , droog uw traan af ; het zijn waar , ô schoone vrouw , dat ik twee jaar lang uw Henrijk niet mgen lijden , als makker in mijn min , het welk ik hem benijden . mijn haat , en ook mijn min zijn tevens uytgedooft . Hy zijn onschuldig ; mijn Rozaura , lief , geloven dat ik , in schijn van hem , mijn wellust hebben genooten Van Dionysia : nu zien gy hoe ontslooten en openhartig ik mijn boezem voor u toon ; en twijffelen gy noch veel ? ik zweren u by het schoon dat uw kaak cieren , dat ik mijn ziel , en leven , en alles wat u lusten , gewillig overgeven ."
198,"ik twijffelen geensin , heer , aan uw getrouwigheyt ; maar ik staan verbazen , en denken om 't geen gy hebben gezeyt . Foey Dionysia , hoe zijtg zoo lichtvaardig ? na het minnelijk genot zijn ik terstont heel vaardig na Oxfort weêr verreyst ; Henriko zitten noch vast , maar worden , door mijn brief , van staan aan ontlast . en dat het waarheyt zy al het geen gy my horen spreeken , beziet dees ring , mevrouw , als een waarachtig teeken van zijn onnozelheyt ; die krijgen ik van mevrouw . Zoo zijn het geschiet . het zijn waar , 'k hebben deernis met zijn rouw , maar haten hem wederom , om dat hy 't staal dorst trekken op u , die zelfs de doôn kunnen van de doden verwekken ; en zijn koning wreetheyt zijn niet minder straffens zijn . ik Beschuldig niet zijn eer , maar wel zijn wreden aren . maar nu dat ik mijn man , mijn Henderijk , moeten derven , Zoo gunnen me , wijl ik doch in ongeluk moeten zwerven , dat ik na Bristol keer , alwaar mijn laat troost , mijn oud vader zijn , met mijn bemind kroost . die in de doodts gevaar behouden hebben uw leven , willen gy die nu de doden , ondankb're , overgeven ? het zijn waar , ik brocht u te land , en bergen u met uw boot . ik hulp u , maar mijn hulp hebben my van hulp ontbloten . wat heymljjk vuur hebben gy in deze borst gesteeken , dat als een Etna brant ? wie vlam met kracht komen breeken door dees mijn ooog heen , en 't hart losts zuchten op zucht ; maar yder zucht verstikken , door het nev'len van uw lucht . Rozaura , mogen het zijn , zoo laten de zonnestraal van uw medogentheyt op dees verliefd dal . mijn Heer , wat wiltg doch ? zien gy niet dat ik zijn het afbeeldtsel van de ramp , en 't ongeval ? ey , schen Døch d'eer niet om de lust , en willen mijn eer verschoonen , te eeren uw geslacht , en 't mijn . ik zullen betoonen dat ik u wederom in all's wilvaardig zy , behoudens mijn eer . Rozaura , of gy my dit schoon voor ooog stellen , mijn liefde volgen geen reden . bedaren u , heer , en stellen het verlieven gemoet te vreden . bezadigen uw lusten , betoom uw geyle min , en teugel met verstant uw tomelooze zin : Ay , denken wie dat ik ben. treê met verstant wat nader . ik zijn Rozaura , heer , en Rudolf zijn mijn vader , Graaf Henderik mijn man . verlaten my ; want by hem hebben ik twee kind ; gy , die my uyt de klem Des doodts trekken hebben , met recht mogen ik u noemen mijn heylandt , op wie deugdt ik eeuwiglijk zullen roemen , en altoos dankbaar zijn . nu gy dit alles weten , zoo bidden ik , dat gy doch u zelfs zoo niet vergeten ; maar vrezen de hemel , Heer . neen , ik zullen niemanden vrezen , mijn hart zullen als een steen voor uw klacht wezen ; mijn oor voor u doof ; mijn min , gelijk een paal te grond ingeheyt , zullen het alderhartste staal verduren . het geen ik niet door smeek kunnen verwerven zullen ik nu met gewellen , ja op het punt van sterven genieten tegen danken ; het zijn recht dat gy genezen mijn wond ' , waar van gy eerst een oorzaak zijn zijn . helaas , bedrukken vrouw ! waar zullen ik arm heenen ? mijn weêrstant zijn vergeefs , hy luysteren na geen weenen , zijn oor zijn verstoppen ; ik getroosten my eer de doden eer hy mijn kuysheyt schent . wat raden nu om dees noot T'ontvlieden ? zacht , ik veyns , en zien of my de tijdt door het eerelijk bedrog van schendery bevrijt . mijn Heer , nu gy my hebben uw trouw liefd ' doen blijken , zullen ik in weêrliefd ' u in 't weinig niet bezwijken . ik hebben uw trouw bespeuren ; uw openhartigheyt hebben mijn geveynsde rouw en weyg'ring neêrgeleyen . ik zijn voor u , mijn Heer , en zullen my altoos dragen na uw begeerlijkheyt ; maar ik bidden u , wijl de vlaag van het onluk noch niet wel gestillen zijn en blussen , dat gy my eenen dagh vergunnen willen tot rust . mijn Engel , gaan mijn schoon ' , willen u tot rust begeven . mijn Heer , hoe zullen ik best by u verzekeren leven , op dat men my niet kennen ? Ay , stellen uw ziel gerust , mijn achtbaarheyt alleen dees misdaat wel versust . ik weten een goed vinden ik zullen als kamerling Gestadig by u zijn . mijn Schoone , deze ring , waar in beslooten zijn mijn sterven en mijn leven , die Dionysi my onwetend ' hebben geven , schenken ik u weêr , mevrouw , tot teek van mijn min . verzie my met een kleet , het zijn tijden dat ik begin , en maken my vaardig om mijn paad rol te speelen . ik stellen het voort in 't werk , om ons min te heelen . vervloekte , gaan vry heen ; ô bron van mijn elende ! waar zullen ik , arme mensch , my noch te laat wennen ? och , of dit goet geluk , het zy dan door de doden , of and're toeval , my verlossen uyt dees noot , Zoo waar mijn ziel gerust ; ik zullen hem tegenstreven , en zoo mijn eerbaarheyt verlossen met mijn leven . Vyfde bedryf ."
199,"al zijn het dat my door recht en billikheyt behoren dees Staf als oppervogen , zoo hebben ik rechtevoort ( schoon dat ervarentheyt 't vernuft zoo hebben gesleepen , dat als door mijn beleydt de vyant aangegreepen straks vlucht reddeloos , als ook om dat ik zijn gerechtig tot de wraak van mijn Rozaura , en die wreden henderik te straf na behoor , ) tot Veltheer in mijn plaats u Mauwerits verkooren . het passen u , jong spruyt , gy die de spiegel zijn waar in dat zich 't gezicht van mijn Rozaur ' altijt Weêr op een nieuw vertonen ; gaan wreek nu vry d'elende , uw moeder aandoen , en brengen dees wraak te ende . het zijn waar , dat Grieken noyt het machtig Ilion door kind , maar wel eer door mannekracht verwinnen ; noch most Achilles kracht voor Nestors wijsheyt buyg ; want wijsheyt gaan voor kracht , dat kunnen ons Room ' getuyg ; 't welk Hannibal door list weêr uyt Itaal'jen krijgen , en d'overwinner weêr verwinnen ; ja zijn zijgen ' doen ' eynd en met zijn doden ; doch deze lieden strijden Uyt afgunst , om 't gezag ; maar wy om recht en reden . ik zullen dees oorelog heel anders , als men plag , Uytvoeren , dat hier door de werelt weten mogen , hoe dat d'onnozelheyden , met recht te zaam gespannen , zijn wraaklust boete kunnen aan schelm en tyran . soldaat , deze zullen voortaan uw veltheer zijn : gehoorzamen hem in all's ; gelijk gy-lieden mijn gehoorzamen hebben voor dees . en nu rechtvaardigheden uw wapen zijn , wel aan , zoo stellen mijn ziel te vreden door uw dapperheyt : ik stellen u hier te toon mijn erfgenaam , uw Heer , en mijn rozauraas zoon . den wreden Rudolf blaken , en werpen het al te gront , het en zy dat men het verzie . GY zijn dan wie gy zijn , ik zeggen dat gy blijven staan ; zoo niet , dat gaan ' er deur . uw koning hebben zeer wel en wijslelijk doen , Aan my die snoô tyran en wreed beul te geven ."
